id,name,industry,city,website,phone,score,campaignReady
PROSP-0001,"Contadores Públicos Consulting",contabilidad,CDMX,,,65,true
PROSP-0002,"Inversiones Express",contabilidad,CDMX,,,65,true
PROSP-0003,"Almacenaje y Cía",contabilidad,CDMX,,,65,true
PROSP-0004,"Despacho Contable y Asociados",contabilidad,CDMX,,,65,true
PROSP-0005,"SaaS Tijuana",contabilidad,CDMX,,,65,true
PROSP-0006,"Consultores Fiscales",contabilidad,CDMX,,,65,true
PROSP-0007,"Facturación Digital",contabilidad,CDMX,,,65,true
PROSP-0008,"Consultores Fiscales Profesional",contabilidad,CDMX,,,65,true
PROSP-0009,"Distribución Asociados",contabilidad,CDMX,,,65,true
PROSP-0010,"Contaduría Hermosillo",contabilidad,CDMX,,,65,true
PROSP-0011,"Despacho Fiscal del Bajío",contabilidad,CDMX,,,65,true
PROSP-0012,"eFactura",contabilidad,CDMX,,,65,true
PROSP-0013,"Consultoría Fiscal Querétaro",contabilidad,CDMX,,,65,true
PROSP-0014,"CFDI Guadalajara",contabilidad,CDMX,,,65,true
PROSP-0015,"Open Banking",contabilidad,CDMX,,,65,true
PROSP-0016,"Servicios Fiscales Contables Solutions",contabilidad,CDMX,,,65,true
PROSP-0017,"RPA Guadalajara",contabilidad,CDMX,,,65,true
PROSP-0018,"Compliance SC",contabilidad,CDMX,,,65,true
PROSP-0019,"Contabilidad Integral del Pacífico",contabilidad,CDMX,,,65,true
PROSP-0020,"Tech Solutions Integral",contabilidad,CDMX,,,65,true
PROSP-0021,"Robotics",contabilidad,CDMX,,,65,true
PROSP-0022,"Optimización Master",contabilidad,CDMX,,,65,true
PROSP-0023,"Business Consulting del Golfo",contabilidad,CDMX,,,65,true
PROSP-0024,"Control Automático Veracruz",contabilidad,CDMX,,,65,true
PROSP-0025,"Soluciones CFDI Tijuana",contabilidad,CDMX,,,65,true
PROSP-0026,"Automa",contabilidad,CDMX,,,65,true
PROSP-0027,"Automa Veracruz",contabilidad,CDMX,,,65,true
PROSP-0028,"Facturación en Línea Solutions",contabilidad,CDMX,,,65,true
PROSP-0029,"Despacho Contable Premium",contabilidad,CDMX,,,65,true
PROSP-0030,"Asesoría Fiscal Integral Corporativo",contabilidad,CDMX,,,65,true
PROSP-0031,"Cobranza del Norte",contabilidad,CDMX,,,65,true
PROSP-0032,"Consultores Fiscales Querétaro",contabilidad,CDMX,,,65,true
PROSP-0033,"Software del Centro",contabilidad,CDMX,,,65,true
PROSP-0034,"Plataforma Digital Cancún",contabilidad,CDMX,,,65,true
PROSP-0035,"Consultoría Integral Monterrey",contabilidad,CDMX,,,65,true
PROSP-0036,"Facturación en la Nube",contabilidad,CDMX,,,65,true
PROSP-0037,"Cloud Express",contabilidad,CDMX,,,65,true
PROSP-0038,"Facturación Electrónica Solutions",contabilidad,CDMX,,,65,true
PROSP-0039,"Automatización Villahermosa",contabilidad,CDMX,,,65,true
PROSP-0040,"Soluciones Tecnológicas CDMX",contabilidad,CDMX,,,65,true
PROSP-0041,"IT Solutions Corporativo",contabilidad,CDMX,,,65,true
PROSP-0042,"Consultores Fiscales CDMX",contabilidad,CDMX,,,65,true
PROSP-0043,"Asesoría de Negocios Morelia",contabilidad,CDMX,,,65,true
PROSP-0044,"Facturación Express",contabilidad,CDMX,,,65,true
PROSP-0045,"Facturación Express Group",contabilidad,CDMX,,,65,true
PROSP-0046,"Desarrollo Organizacional",contabilidad,CDMX,,,65,true
PROSP-0047,"SaaS Total",contabilidad,CDMX,,,65,true
PROSP-0048,"Finanzas Profesional",contabilidad,CDMX,,,65,true
PROSP-0049,"Consultores Express",contabilidad,CDMX,,,65,true
PROSP-0050,"Gestión de Personal Pro",contabilidad,CDMX,,,65,true
PROSP-0051,"Facturación Móvil Solutions",contabilidad,CDMX,,,65,true
PROSP-0052,"Tech Guanajuato",contabilidad,CDMX,,,65,true
PROSP-0053,"Paquetería",contabilidad,CDMX,,,65,true
PROSP-0054,"Despacho de Auditoría Contable Querétaro",contabilidad,CDMX,,,65,true
PROSP-0055,"Advisory CDMX",contabilidad,CDMX,,,65,true
PROSP-0056,"Optimización Querétaro",contabilidad,CDMX,,,65,true
PROSP-0057,"Cobro Group",contabilidad,CDMX,,,65,true
PROSP-0058,"Servicios Contables Monterrey",contabilidad,CDMX,,,65,true
PROSP-0059,"Grupo Contable Group",contabilidad,CDMX,,,65,true
PROSP-0060,"Business Consulting",contabilidad,CDMX,,,65,true
PROSP-0061,"Administración Guadalajara",contabilidad,CDMX,,,65,true
PROSP-0062,"Gestión y Cía",contabilidad,CDMX,,,65,true
PROSP-0063,"Back Office y Socios",contabilidad,CDMX,,,65,true
PROSP-0064,"Consultoría Integral Puebla",contabilidad,CDMX,,,65,true
PROSP-0065,"Firma Contable Querétaro",contabilidad,CDMX,,,65,true
PROSP-0066,"Cobro Digital Pro",contabilidad,CDMX,,,65,true
PROSP-0067,"Consultoría Financiera Premium",contabilidad,CDMX,,,65,true
PROSP-0068,"Facturación Electrónica Corporativo",contabilidad,CDMX,,,65,true
PROSP-0069,"Consultores Fiscales Guadalajara",contabilidad,CDMX,,,65,true
PROSP-0070,"Facturación Automatizada Cancún",contabilidad,CDMX,,,65,true
PROSP-0071,"Business Consulting Pro",contabilidad,CDMX,,,65,true
PROSP-0072,"Data CDMX",contabilidad,CDMX,,,65,true
PROSP-0073,"Data SA de CV",contabilidad,CDMX,,,65,true
PROSP-0074,"Servicios Fiscales Contables SC",contabilidad,CDMX,,,65,true
PROSP-0075,"Finanzas Asociados",contabilidad,CDMX,,,65,true
PROSP-0076,"Fintech y Socios",contabilidad,CDMX,,,65,true
PROSP-0077,"Consultoría Tributaria Monterrey",contabilidad,CDMX,,,65,true
PROSP-0078,"Consultoría Fiscal León",contabilidad,CDMX,,,65,true
PROSP-0079,"Servicios de Contabilidad Premium",contabilidad,Guadalajara,,,60,true
PROSP-0080,"Asesoría Group",contabilidad,Monterrey,,,60,true
PROSP-0081,"Consultoría del Centro",contabilidad,Guadalajara,,,60,true
PROSP-0082,"Auditoría Contable CDMX",contabilidad,Monterrey,,,60,true
PROSP-0083,"Despacho Contable",contabilidad,Monterrey,,,60,true
PROSP-0084,"Gestión Contable Hermanos",contabilidad,Guadalajara,,,60,true
PROSP-0085,"Auditoría Contable Profesional",contabilidad,Monterrey,,,60,true
PROSP-0086,"Factura Fácil",contabilidad,Monterrey,,,60,true
PROSP-0087,"Bufete Contable",contabilidad,Guadalajara,,,60,true
PROSP-0088,"Asesores Contables Group",contabilidad,Monterrey,,,60,true
PROSP-0089,"Facturación en Línea",contabilidad,Monterrey,,,60,true
PROSP-0090,"Control Automático",contabilidad,Monterrey,,,60,true
PROSP-0091,"Consultoría Fiscal Durango",contabilidad,Monterrey,,,60,true
PROSP-0092,"Asesoría Contable Guadalajara",contabilidad,Monterrey,,,60,true
PROSP-0093,"Consultoría CDMX",contabilidad,Monterrey,,,60,true
PROSP-0094,"Servicios Fiscales Contables y Socios",contabilidad,Monterrey,,,60,true
PROSP-0095,"Asesoría MX",contabilidad,Guadalajara,,,60,true
PROSP-0096,"Consultoría Integral Aguascalientes",contabilidad,Monterrey,,,60,true
PROSP-0097,"Digital Pro",contabilidad,Guadalajara,,,60,true
PROSP-0098,"Plataforma de Facturación Guadalajara",contabilidad,Monterrey,,,60,true
PROSP-0099,"Fulfillment del Pacífico",contabilidad,Monterrey,,,60,true
PROSP-0100,"Factura Fácil y Asociados",contabilidad,Monterrey,,,60,true
PROSP-0101,"Auditoría Contable MX",contabilidad,Monterrey,,,60,true
PROSP-0102,"Cobranza San Luis Potosí",contabilidad,Monterrey,,,60,true
PROSP-0103,"Consultoría Tributaria San Luis Potosí",contabilidad,Guadalajara,,,60,true
PROSP-0104,"Tech Solutions CDMX",contabilidad,Monterrey,,,60,true
PROSP-0105,"Asesoría Solutions",contabilidad,Monterrey,,,60,true
PROSP-0106,"Servicios Financieros del Norte",contabilidad,Guadalajara,,,60,true
PROSP-0107,"Asesoría Financiera Contable Group",contabilidad,Guadalajara,,,60,true
PROSP-0108,"Neobanco y Asociados",contabilidad,Monterrey,,,60,true
PROSP-0109,"Plataforma de Facturación Solutions",contabilidad,Monterrey,,,60,true
PROSP-0110,"Innovación Integral",contabilidad,Monterrey,,,60,true
PROSP-0111,"Facturación Móvil y Cía",contabilidad,Monterrey,,,60,true
PROSP-0112,"Recaudación Empresarial",contabilidad,Monterrey,,,60,true
PROSP-0113,"Asesoría Fiscal Integral Profesional",contabilidad,Monterrey,,,60,true
PROSP-0114,"Patrimonial Guadalajara",contabilidad,Monterrey,,,60,true
PROSP-0115,"Firma Consultora Hermanos",contabilidad,Guadalajara,,,60,true
PROSP-0116,"Neobanco Premium",contabilidad,Monterrey,,,60,true
PROSP-0117,"Capital Humano Tuxtla Gutiérrez",contabilidad,Monterrey,,,60,true
PROSP-0118,"Contabilidad Integral Services",contabilidad,Guadalajara,,,60,true
PROSP-0119,"Contadores Públicos Cancún",contabilidad,Monterrey,,,60,true
PROSP-0120,"Capital Puebla",contabilidad,Guadalajara,,,60,true
PROSP-0121,"Innovación Digital y Asociados",contabilidad,Guadalajara,,,60,true
PROSP-0122,"Automatización de Procesos",contabilidad,Guadalajara,,,60,true
PROSP-0123,"Business Consulting y Cía",contabilidad,Guadalajara,,,60,true
PROSP-0124,"Neobanco MX",contabilidad,Monterrey,,,60,true
PROSP-0125,"Control Automático Express",contabilidad,Guadalajara,,,60,true
PROSP-0126,"Contaduría MX",contabilidad,Guadalajara,,,60,true
PROSP-0127,"Consultores Fiscales Total",contabilidad,Guadalajara,,,60,true
PROSP-0128,"Comprobantes Digitales Premium",contabilidad,Guadalajara,,,60,true
PROSP-0129,"Tecnología Aplicada Services",contabilidad,Monterrey,,,60,true
PROSP-0130,"Consultoría Tributaria del Norte",contabilidad,Guadalajara,,,60,true
PROSP-0131,"CFDI Empresarial",contabilidad,Guadalajara,,,60,true
PROSP-0132,"Automatización de Procesos Tuxtla Gutiérrez",contabilidad,Guadalajara,,,60,true
PROSP-0133,"Consultoría Empresarial",fintech,CDMX,,,55,true
PROSP-0134,"Facturación Electrónica CDMX",software,CDMX,,,55,true
PROSP-0135,"Advisory Aguascalientes",software,CDMX,,,55,true
PROSP-0136,"Servicios Contables Plus",fintech,CDMX,,,55,true
PROSP-0137,"Firma Consultora Express",financiero,CDMX,,,55,true
PROSP-0138,"Innovación Digital CDMX",financiero,CDMX,,,55,true
PROSP-0139,"Lending del Bajío",software,CDMX,,,55,true
PROSP-0140,"Estrategia y Cía",financiero,CDMX,,,55,true
PROSP-0141,"Facturación Móvil",software,CDMX,,,55,true
PROSP-0142,"Asesoría Contable Integral",financiero,CDMX,,,55,true
PROSP-0143,"Firma Consultora Torreón",software,CDMX,,,55,true
PROSP-0144,"Transformación",software,CDMX,,,55,true
PROSP-0145,"Asesoría CDMX",fintech,CDMX,,,55,true
PROSP-0146,"Lending Veracruz",fintech,CDMX,,,55,true
PROSP-0147,"Soluciones Empresariales S de RL",software,CDMX,,,55,true
PROSP-0148,"Servicios de Oficina Consulting",software,CDMX,,,55,true
PROSP-0149,"Asesoría Financiera",software,CDMX,,,55,true
PROSP-0150,"Gestoría Fiscal",fintech,CDMX,,,55,true
PROSP-0151,"Factura Fácil CDMX",software,CDMX,,,55,true
PROSP-0152,"eFactura Group",fintech,CDMX,,,55,true
PROSP-0153,"Facturación Inteligente Total",financiero,CDMX,,,55,true
PROSP-0154,"Innovación Digital Monterrey",software,CDMX,,,55,true
PROSP-0155,"Digital Premium",financiero,CDMX,,,55,true
PROSP-0156,"Patrimonial Hermanos",software,CDMX,,,55,true
PROSP-0157,"Cobranza Profesional",software,CDMX,,,55,true
PROSP-0158,"Inteligencia Corporativo",software,CDMX,,,55,true
PROSP-0159,"Talento",fintech,CDMX,,,55,true
PROSP-0160,"Automatización Industrial Empresarial",financiero,CDMX,,,55,true
PROSP-0161,"Asesores Contables Monterrey",financiero,CDMX,,,55,true
PROSP-0162,"Plataforma Digital CDMX",financiero,CDMX,,,55,true
PROSP-0163,"Desarrollo Guadalajara",financiero,CDMX,,,55,true
PROSP-0164,"Headhunting del Norte",software,CDMX,,,55,true
PROSP-0165,"Advisory Querétaro",software,CDMX,,,55,true
PROSP-0166,"Gestión de Personal Puebla",software,CDMX,,,55,true
PROSP-0167,"Automa SC",software,CDMX,,,55,true
PROSP-0168,"Billetera Digital",financiero,CDMX,,,55,true
PROSP-0169,"Software Factory Consulting",fintech,CDMX,,,55,true
PROSP-0170,"Despacho Fiscal Puebla",software,CDMX,,,55,true
PROSP-0171,"Contadores Certificados CDMX",software,CDMX,,,55,true
PROSP-0172,"Facturación Electrónica Guadalajara",software,CDMX,,,55,true
PROSP-0173,"Pagos Digitales Guadalajara",software,CDMX,,,55,true
PROSP-0174,"Consultoría Asociados",software,CDMX,,,55,true
PROSP-0175,"Facturación Ágil Total",software,CDMX,,,55,true
PROSP-0176,"Planeación Financiera Guanajuato",software,CDMX,,,55,true
PROSP-0177,"Tecnología Aplicada Chihuahua",software,CDMX,,,55,true
PROSP-0178,"Tech Monterrey",software,CDMX,,,55,true
PROSP-0179,"Gestión León",software,CDMX,,,55,true
PROSP-0180,"Consultoría Empresarial Solutions",fintech,CDMX,,,55,true
PROSP-0181,"RPA Total",software,CDMX,,,55,true
PROSP-0182,"Compliance Morelia",financiero,CDMX,,,55,true
PROSP-0183,"Factura Fácil Toluca",software,CDMX,,,55,true
PROSP-0184,"Auditoría del Bajío",software,CDMX,,,55,true
PROSP-0185,"Capital Humano Empresarial",software,CDMX,,,55,true
PROSP-0186,"Outsourcing Administrativo",financiero,CDMX,,,55,true
PROSP-0187,"Logística",software,CDMX,,,55,true
PROSP-0188,"Facturación Integral del Norte",software,CDMX,,,55,true
PROSP-0189,"Advisory del Pacífico",fintech,CDMX,,,55,true
PROSP-0190,"Grupo Contable y Asociados",financiero,CDMX,,,55,true
PROSP-0191,"Asesoría Financiera Contable del Pacífico",software,CDMX,,,55,true
PROSP-0192,"Talento Guadalajara",financiero,CDMX,,,55,true
PROSP-0193,"Despacho de Contaduría Hermosillo",software,CDMX,,,55,true
PROSP-0194,"Gestión S de RL",fintech,CDMX,,,55,true
PROSP-0195,"Facturación en la Nube Profesional",financiero,CDMX,,,55,true
PROSP-0196,"Automatización S de RL",software,CDMX,,,55,true
PROSP-0197,"SaaS Aguascalientes",financiero,CDMX,,,55,true
PROSP-0198,"Automa Solutions",financiero,CDMX,,,55,true
PROSP-0199,"Facturación Integral Monterrey",fintech,CDMX,,,55,true
PROSP-0200,"Logística Monterrey",software,CDMX,,,55,true
PROSP-0201,"Gestoría Fiscal Monterrey",software,CDMX,,,55,true
PROSP-0202,"Tech SC",fintech,CDMX,,,55,true
PROSP-0203,"Contaduría León",fintech,Monterrey,,,50,true
PROSP-0204,"Planeación Financiera",financiero,Guadalajara,,,50,true
PROSP-0205,"Firma Contable",financiero,Guadalajara,,,50,true
PROSP-0206,"Asesoría Contable",software,Guadalajara,,,50,true
PROSP-0207,"Asesores Contables Corporativo",software,Guadalajara,,,50,true
PROSP-0208,"Contaduría",software,Monterrey,,,50,true
PROSP-0209,"Consultoría de Negocios Plus",software,Guadalajara,,,50,true
PROSP-0210,"Business Consulting SA de CV",software,Monterrey,,,50,true
PROSP-0211,"Apps Monterrey",software,Monterrey,,,50,true
PROSP-0212,"Bufete Contable Express",software,Monterrey,,,50,true
PROSP-0213,"Factura Fácil Aguascalientes",financiero,Monterrey,,,50,true
PROSP-0214,"Tech Solutions",software,Monterrey,,,50,true
PROSP-0215,"Despacho Contable Monterrey",fintech,Guadalajara,,,50,true
PROSP-0216,"Servicios de Contabilidad Services",software,Monterrey,,,50,true
PROSP-0217,"CFDI CDMX",fintech,Guadalajara,,,50,true
PROSP-0218,"Soluciones Contables Services",software,Monterrey,,,50,true
PROSP-0219,"SaaS Guadalajara",financiero,Monterrey,,,50,true
PROSP-0220,"IT Solutions del Pacífico",financiero,Guadalajara,,,50,true
PROSP-0221,"Servicios de Facturación Services",software,Guadalajara,,,50,true
PROSP-0222,"Facturación Inteligente Profesional",software,Guadalajara,,,50,true
PROSP-0223,"Plataforma de Facturación CDMX",software,Monterrey,,,50,true
PROSP-0224,"Tech Solutions Veracruz",software,Guadalajara,,,50,true
PROSP-0225,"IT Solutions CDMX",fintech,Monterrey,,,50,true
PROSP-0226,"Factura Fácil Monterrey",software,Guadalajara,,,50,true
PROSP-0227,"Firma Consultora y Socios",software,Guadalajara,,,50,true
PROSP-0228,"Facturación en la Nube Master",financiero,Guadalajara,,,50,true
PROSP-0229,"Asesoría Contable Querétaro",software,Guadalajara,,,50,true
PROSP-0230,"Facturación Móvil SA de CV",financiero,Guadalajara,,,50,true
PROSP-0231,"Plataforma de Facturación Chihuahua",software,Monterrey,,,50,true
PROSP-0232,"Timbre Fiscal Express",software,Monterrey,,,50,true
PROSP-0233,"Facturación Electrónica y Cía",financiero,Monterrey,,,50,true
PROSP-0234,"Planeación Financiera Chihuahua",software,Guadalajara,,,50,true
PROSP-0235,"Despacho Fiscal Durango",fintech,Guadalajara,,,50,true
PROSP-0236,"Servicios Contables S de RL",software,Monterrey,,,50,true
PROSP-0237,"Consultores Fiscales Monterrey",software,Guadalajara,,,50,true
PROSP-0238,"Innovación Digital del Golfo",software,Guadalajara,,,50,true
PROSP-0239,"Innovación Aguascalientes",software,Guadalajara,,,50,true
PROSP-0240,"Asesoría Financiera Contable Premium",financiero,Monterrey,,,50,true
PROSP-0241,"Robotics Group",fintech,Monterrey,,,50,true
PROSP-0242,"Auditoría Contable Hermanos",software,Guadalajara,,,50,true
PROSP-0243,"Consultoría de Negocios Oaxaca",software,Monterrey,,,50,true
PROSP-0244,"Facturación en Línea Corporativo",fintech,Guadalajara,,,50,true
PROSP-0245,"Consultoría de Negocios Pro",financiero,Monterrey,,,50,true
PROSP-0246,"Facturación Digital del Bajío",financiero,Guadalajara,,,50,true
PROSP-0247,"Servicios Fiscales Contables Total",software,Guadalajara,,,50,true
PROSP-0248,"Automatización de Procesos Puebla",fintech,Guadalajara,,,50,true
PROSP-0249,"Consultoría de Negocios del Pacífico",software,Monterrey,,,50,true
PROSP-0250,"Auditoría Externa",financiero,Guadalajara,,,50,true
PROSP-0251,"Consultoría Integral Plus",fintech,Monterrey,,,50,true
PROSP-0252,"Facturación Electrónica S de RL",software,Guadalajara,,,50,true
PROSP-0253,"Facturación Móvil MX",software,Guadalajara,,,50,true
PROSP-0254,"Lending Group",financiero,Monterrey,,,50,true
PROSP-0255,"Lending Premium",financiero,Monterrey,,,50,true
PROSP-0256,"Gestión",financiero,Guadalajara,,,50,true
PROSP-0257,"Plataforma Digital Integral",contabilidad,Saltillo,,,40,true
PROSP-0258,"Facturación Automatizada",contabilidad,Querétaro,,,40,true
PROSP-0259,"Desarrollo",contabilidad,Puebla,,,40,true
PROSP-0260,"Consultoría Fiscal Total",contabilidad,San Luis Potosí,,,40,true
PROSP-0261,"Grupo Contable Guadalajara",contabilidad,Mérida,,,40,true
PROSP-0262,"Planeación CDMX",contabilidad,Mérida,,,40,true
PROSP-0263,"Servicios Financieros San Luis Potosí",contabilidad,Querétaro,,,40,true
PROSP-0264,"Smart Automation",contabilidad,Durango,,,40,true
PROSP-0265,"Innovación Digital Guadalajara",contabilidad,Cancún,,,40,true
PROSP-0266,"Comprobantes Digitales",contabilidad,Querétaro,,,40,true
PROSP-0267,"Consultoría Fiscal",contabilidad,Torreón,,,40,true
PROSP-0268,"Nómina",contabilidad,Guanajuato,,,40,true
PROSP-0269,"Cobranza",contabilidad,Morelia,,,40,true
PROSP-0270,"Transformación S de RL",contabilidad,Puebla,,,40,true
PROSP-0271,"Plataforma de Facturación Group",contabilidad,Puebla,,,40,true
PROSP-0272,"Despacho de Contaduría",contabilidad,Hermosillo,,,40,true
PROSP-0273,"Lending",contabilidad,Saltillo,,,40,true
PROSP-0274,"Compliance",contabilidad,Hermosillo,,,40,true
PROSP-0275,"Asesoría Financiera Contable Tijuana",contabilidad,Puebla,,,40,true
PROSP-0276,"Soluciones Empresariales",contabilidad,Puebla,,,40,true
PROSP-0277,"Servicios Contables CDMX",contabilidad,Hermosillo,,,40,true
PROSP-0278,"Software Development del Golfo",contabilidad,Guanajuato,,,40,true
PROSP-0279,"Gestión Mérida",contabilidad,Puebla,,,40,true
PROSP-0280,"Patrimonial Veracruz",contabilidad,Veracruz,,,40,true
PROSP-0281,"Contadores Públicos S de RL",contabilidad,Puebla,,,40,true
PROSP-0282,"Servicios de Oficina Chihuahua",contabilidad,Puebla,,,40,true
PROSP-0283,"Apps",contabilidad,Toluca,,,40,true
PROSP-0284,"Dev",contabilidad,Hermosillo,,,40,true
PROSP-0285,"Soluciones Contables CDMX",contabilidad,Puebla,,,40,true
PROSP-0286,"Factura Fácil del Centro",contabilidad,León,,,40,true
PROSP-0287,"Software Monterrey",contabilidad,Querétaro,,,40,true
PROSP-0288,"Soluciones Contables Premium",contabilidad,Cancún,,,40,true
PROSP-0289,"Asesoría Financiera Contable del Centro",contabilidad,León,,,40,true
PROSP-0290,"Contaduría Guadalajara",contabilidad,Mérida,,,40,true
PROSP-0291,"Factura Fácil Chihuahua",contabilidad,San Luis Potosí,,,40,true
PROSP-0292,"Auditoría Interna",contabilidad,Toluca,,,40,true
PROSP-0293,"Gestión Administrativa del Golfo",contabilidad,Puebla,,,40,true
PROSP-0294,"Planeación Financiera y Cía",contabilidad,San Luis Potosí,,,40,true
PROSP-0295,"Soluciones de Pago del Golfo",contabilidad,Saltillo,,,40,true
PROSP-0296,"Desarrollo y Socios",contabilidad,Querétaro,,,40,true
PROSP-0297,"Soluciones Tecnológicas Pro",contabilidad,Mérida,,,40,true
PROSP-0298,"RH Solutions",contabilidad,Saltillo,,,40,true
PROSP-0299,"Soluciones de Pago Chihuahua",contabilidad,Chihuahua,,,40,true
PROSP-0300,"Contabilidad Integral del Bajío",contabilidad,Guanajuato,,,40,true
PROSP-0301,"Gestoría Fiscal Guadalajara",contabilidad,Cancún,,,40,true
PROSP-0302,"Lending Guadalajara",contabilidad,Mérida,,,40,true
PROSP-0303,"Servicios Financieros Services",contabilidad,Puebla,,,40,true
PROSP-0304,"Soluciones Financieras Oaxaca",contabilidad,Tuxtla Gutiérrez,,,40,true
PROSP-0305,"People",contabilidad,Chihuahua,,,40,true
PROSP-0306,"Desarrollo Organizacional y Asociados",contabilidad,Querétaro,,,40,true
PROSP-0307,"Soluciones Contables Solutions",contabilidad,Tijuana,,,40,true
PROSP-0308,"Gestión de Cobranza",contabilidad,Hermosillo,,,40,true
PROSP-0309,"Timbre Fiscal Solutions",contabilidad,Mérida,,,40,true
PROSP-0310,"Recuperación del Pacífico",contabilidad,Hermosillo,,,40,true
PROSP-0311,"Inteligencia",contabilidad,Querétaro,,,40,true
PROSP-0312,"Tech Hermosillo",contabilidad,Puebla,,,40,true
PROSP-0313,"CFDI Veracruz",contabilidad,Puebla,,,40,true
PROSP-0314,"Facturación en la Nube Corporativo",contabilidad,Toluca,,,40,true
PROSP-0315,"Bufete Contable Services",contabilidad,Tuxtla Gutiérrez,,,40,true
PROSP-0316,"Servicios de Contabilidad Hermosillo",contabilidad,Querétaro,,,40,true
PROSP-0317,"Asesores Contables del Golfo",contabilidad,León,,,40,true
PROSP-0318,"Back Office",contabilidad,Durango,,,40,true
PROSP-0319,"Bufete Contable Integral",contabilidad,Morelia,,,40,true
PROSP-0320,"Finanzas Puebla",contabilidad,Puebla,,,40,true
PROSP-0321,"Process Automation",contabilidad,Querétaro,,,40,true
PROSP-0322,"Gestión Financiera Empresarial",contabilidad,Toluca,,,40,true
PROSP-0323,"Consultoría",contabilidad,Morelia,,,40,true
PROSP-0324,"Facturación en la Nube Asociados",contabilidad,Puebla,,,40,true
PROSP-0325,"Firma Consultora CDMX",contabilidad,Puebla,,,40,true
PROSP-0326,"Asesoría Financiera Contable Solutions",contabilidad,Chihuahua,,,40,true
PROSP-0327,"Capital",contabilidad,Puebla,,,40,true
PROSP-0328,"Despacho de Contaduría CDMX",contabilidad,Guanajuato,,,40,true
PROSP-0329,"Timbre Fiscal San Luis Potosí",contabilidad,Mérida,,,40,true
PROSP-0330,"Billetera Digital Empresarial",contabilidad,Cancún,,,40,true
PROSP-0331,"Facturación Integral del Bajío",contabilidad,Guanajuato,,,40,true
PROSP-0332,"Innovación Digital Pro",contabilidad,Chihuahua,,,40,true
PROSP-0333,"CFDI",contabilidad,San Luis Potosí,,,40,true
PROSP-0334,"RH",contabilidad,San Luis Potosí,,,40,true
PROSP-0335,"eFactura del Golfo",contabilidad,Querétaro,,,40,true
PROSP-0336,"Gestoría Fiscal Pro",contabilidad,Saltillo,,,40,true
PROSP-0337,"Asesoría Financiera Contable y Asociados",contabilidad,Tijuana,,,40,true
PROSP-0338,"Servicios Fiscales Contables Empresarial",contabilidad,Toluca,,,40,true
PROSP-0339,"Contabilidad Integral del Golfo",contabilidad,Villahermosa,,,40,true
PROSP-0340,"Servicios Administrativos Guadalajara",contabilidad,Cancún,,,40,true
PROSP-0341,"Advisory Guadalajara",contabilidad,Culiacán,,,40,true
PROSP-0342,"eFactura y Socios",contabilidad,Puebla,,,40,true
PROSP-0343,"Control Automático Morelia",contabilidad,León,,,40,true
PROSP-0344,"Cobranza Especializada CDMX",contabilidad,Mérida,,,40,true
PROSP-0345,"Factura Fácil S de RL",contabilidad,Durango,,,40,true
PROSP-0346,"Facturación Automatizada S de RL",contabilidad,Querétaro,,,40,true
PROSP-0347,"Facturación Inteligente del Norte",contabilidad,Hermosillo,,,40,true
PROSP-0348,"Despacho Contable Guadalajara",contabilidad,Veracruz,,,40,true
PROSP-0349,"Comprobantes Digitales Guadalajara",contabilidad,Saltillo,,,40,true
PROSP-0350,"Back Office CDMX",contabilidad,Chihuahua,,,40,true
PROSP-0351,"Digital Group",contabilidad,Hermosillo,,,40,true
PROSP-0352,"Capital Humano",contabilidad,Mérida,,,40,true
PROSP-0353,"Consultoría Empresarial Saltillo",contabilidad,Querétaro,,,40,true
PROSP-0354,"Gestoría Fiscal Puebla",contabilidad,San Luis Potosí,,,40,true
PROSP-0355,"Timbre Fiscal Puebla",contabilidad,Guanajuato,,,40,true
PROSP-0356,"Code Chihuahua",contabilidad,León,,,40,true
PROSP-0357,"eFactura del Bajío",contabilidad,Mérida,,,40,true
PROSP-0358,"Consultores Fiscales del Bajío",contabilidad,Puebla,,,40,true
PROSP-0359,"Smart Automation S de RL",contabilidad,Puebla,,,40,true
PROSP-0360,"Facturación Electrónica Consulting",contabilidad,Veracruz,,,40,true
PROSP-0361,"Plataforma Digital del Golfo",contabilidad,León,,,40,true
PROSP-0362,"Facturación en la Nube Solutions",contabilidad,León,,,40,true
PROSP-0363,"Neobanco",contabilidad,Chihuahua,,,40,true
PROSP-0364,"Process Automation Total",contabilidad,Aguascalientes,,,40,true
PROSP-0365,"Tecnología Aplicada y Cía",contabilidad,Tuxtla Gutiérrez,,,40,true
PROSP-0366,"Automatización de Procesos Consulting",contabilidad,Durango,,,40,true
PROSP-0367,"Desarrollo Chihuahua",contabilidad,Mérida,,,40,true
PROSP-0368,"Business Consulting Monterrey",contabilidad,San Luis Potosí,,,40,true
PROSP-0369,"Digital del Pacífico",contabilidad,Tijuana,,,40,true
PROSP-0370,"IT Solutions",contabilidad,Tijuana,,,40,true
PROSP-0371,"Optimización Chihuahua",contabilidad,Hermosillo,,,40,true
PROSP-0372,"Facturación Móvil Pro",contabilidad,San Luis Potosí,,,40,true
PROSP-0373,"Optimización Saltillo",contabilidad,Aguascalientes,,,40,true
PROSP-0374,"Soluciones Financieras León",contabilidad,Tijuana,,,40,true
PROSP-0375,"Servicios de Facturación Profesional",contabilidad,Saltillo,,,40,true
PROSP-0376,"Asesoría de Negocios Total",contabilidad,Saltillo,,,40,true
PROSP-0377,"Cloud Veracruz",contabilidad,Tijuana,,,40,true
PROSP-0378,"Tecnología León",contabilidad,Oaxaca,,,40,true
PROSP-0379,"Administración Profesional",contabilidad,Puebla,,,40,true
PROSP-0380,"Servicios Fiscales Contables Monterrey",contabilidad,Puebla,,,40,true
PROSP-0381,"Facturación Digital y Cía",contabilidad,Cancún,,,40,true
PROSP-0382,"Despacho de Contaduría SC",contabilidad,Tijuana,,,40,true
PROSP-0383,"Optimización Empresarial",contabilidad,Puebla,,,40,true
PROSP-0384,"Gestión SC",contabilidad,Puebla,,,40,true
PROSP-0385,"Tech Solutions del Norte",contabilidad,Querétaro,,,40,true
PROSP-0386,"Despacho de Contaduría Asociados",contabilidad,Hermosillo,,,40,true
PROSP-0387,"Servicios Financieros Mérida",contabilidad,Querétaro,,,40,true
PROSP-0388,"Tecnología Guadalajara",contabilidad,Querétaro,,,40,true
PROSP-0389,"Servicios de Contabilidad CDMX",contabilidad,Tijuana,,,40,true
PROSP-0390,"Estrategia",financiero,Aguascalientes,,,30,true
PROSP-0391,"Facturación Total del Pacífico",fintech,Morelia,,,30,true
PROSP-0392,"Recuperación",software,Toluca,,,30,true
PROSP-0393,"Facturación en Línea Monterrey",software,Tuxtla Gutiérrez,,,30,true
PROSP-0394,"Servicios de Contabilidad",software,León,,,30,true
PROSP-0395,"Facturación Integral Solutions",financiero,León,,,30,true
PROSP-0396,"Desarrollo SA de CV",fintech,Puebla,,,30,true
PROSP-0397,"Innovación Guanajuato",financiero,San Luis Potosí,,,30,true
PROSP-0398,"Grupo Contable",financiero,Puebla,,,30,true
PROSP-0399,"Facturación Total Pro",software,Toluca,,,30,true
PROSP-0400,"Despacho de Contaduría Morelia",financiero,Veracruz,,,30,true
PROSP-0401,"Asesoría del Norte",financiero,San Luis Potosí,,,30,true
PROSP-0402,"Digital Hermosillo",software,Tijuana,,,30,true
PROSP-0403,"Servicios Financieros",fintech,San Luis Potosí,,,30,true
PROSP-0404,"CFDI del Golfo",financiero,Tijuana,,,30,true
PROSP-0405,"Automatización de Procesos Master",software,Puebla,,,30,true
PROSP-0406,"Firma Contable Chihuahua",software,Villahermosa,,,30,true
PROSP-0407,"Digital MX",software,Puebla,,,30,true
PROSP-0408,"Facturación Integral Aguascalientes",software,Villahermosa,,,30,true
PROSP-0409,"Cloud",financiero,Mérida,,,30,true
PROSP-0410,"Auditoría Externa Guadalajara",software,Tijuana,,,30,true
PROSP-0411,"Tecnología SA de CV",financiero,Chihuahua,,,30,true
PROSP-0412,"Inteligencia S de RL",financiero,Morelia,,,30,true
PROSP-0413,"Automa Cancún",software,Puebla,,,30,true
PROSP-0414,"Consultoría Tributaria Morelia",software,Morelia,,,30,true
PROSP-0415,"Servicios Fiscales Contables CDMX",software,Querétaro,,,30,true
PROSP-0416,"Servicios Contables Querétaro",software,Tijuana,,,30,true
PROSP-0417,"Innovación Digital",software,Torreón,,,30,true
PROSP-0418,"Servicios Fiscales Contables Querétaro",software,Mérida,,,30,true
PROSP-0419,"Contadores Certificados Corporativo",financiero,Morelia,,,30,true
PROSP-0420,"Finanzas Guadalajara",financiero,Morelia,,,30,true
PROSP-0421,"Asesoría Express",software,Chihuahua,,,30,true
PROSP-0422,"Firma de Auditoría",software,Tuxtla Gutiérrez,,,30,true
PROSP-0423,"Data Toluca",software,Veracruz,,,30,true
PROSP-0424,"Servicios de Oficina Plus",fintech,Aguascalientes,,,30,true
PROSP-0425,"Gestión Financiera",fintech,Guanajuato,,,30,true
PROSP-0426,"Timbre Fiscal Guadalajara",financiero,Puebla,,,30,true
PROSP-0427,"Plataforma de Facturación Services",fintech,Durango,,,30,true
PROSP-0428,"Administración",fintech,Puebla,,,30,true
PROSP-0429,"Timbre Fiscal CDMX",software,León,,,30,true
PROSP-0430,"Recursos Humanos del Norte",software,Tuxtla Gutiérrez,,,30,true
PROSP-0431,"Facturación Automatizada Pro",fintech,Puebla,,,30,true
PROSP-0432,"Consultores Fiscales Integral",financiero,Chihuahua,,,30,true
PROSP-0433,"Consultores",software,Guanajuato,,,30,true
PROSP-0434,"Soluciones Financieras Consulting",software,Mérida,,,30,true
PROSP-0435,"Advisory SA de CV",software,Cancún,,,30,true
PROSP-0436,"Automatización de Procesos Tijuana",fintech,Guanajuato,,,30,true
PROSP-0437,"Tecnología",software,Puebla,,,30,true
PROSP-0438,"Fulfillment Asociados",financiero,Culiacán,,,30,true
PROSP-0439,"Sistemas",fintech,Puebla,,,30,true
PROSP-0440,"Despacho de Auditoría Contable y Cía",financiero,Chihuahua,,,30,true
PROSP-0441,"Facturación Móvil Premium",fintech,San Luis Potosí,,,30,true
PROSP-0442,"Auditores Master",software,Cancún,,,30,true
PROSP-0443,"Consultoría Chihuahua",software,Aguascalientes,,,30,true
PROSP-0444,"Facturación Digital Monterrey",fintech,Morelia,,,30,true
PROSP-0445,"Capital Humano y Cía",software,Cancún,,,30,true
PROSP-0446,"Transformación Hermanos",fintech,Veracruz,,,30,true
PROSP-0447,"Automatización",fintech,Saltillo,,,30,true
PROSP-0448,"Consultores Plus",financiero,León,,,30,true
PROSP-0449,"Asesoría Contable Chihuahua",software,Torreón,,,30,true
PROSP-0450,"Asesoría Financiera Contable SC",fintech,San Luis Potosí,,,30,true
PROSP-0451,"Cobro Hermanos",software,Mérida,,,30,true
PROSP-0452,"Auditoría MX",fintech,Querétaro,,,30,true
PROSP-0453,"Asesoría Fiscal Integral SA de CV",software,Puebla,,,30,true
PROSP-0454,"RPA Monterrey",fintech,Tijuana,,,30,true
PROSP-0455,"Firma Consultora Services",software,Torreón,,,30,true
PROSP-0456,"eFactura Empresarial",financiero,León,,,30,true
PROSP-0457,"Administración Querétaro",software,Culiacán,,,30,true
PROSP-0458,"Planeación Financiera Toluca",fintech,Veracruz,,,30,true
PROSP-0459,"Talento Pro",software,Guanajuato,,,30,true
PROSP-0460,"Consultoría Financiera Corporativo",fintech,Chihuahua,,,30,true
PROSP-0461,"Bufete Contable y Socios",software,Villahermosa,,,30,true
PROSP-0462,"Consultoría Tributaria Puebla",software,Querétaro,,,30,true
PROSP-0463,"Estrategia y Asociados",financiero,Puebla,,,30,true
PROSP-0464,"Soluciones Tecnológicas",software,Morelia,,,30,true
PROSP-0465,"Fulfillment Integral",financiero,Querétaro,,,30,true
PROSP-0466,"Firma Contable Monterrey",financiero,Tijuana,,,30,true
PROSP-0467,"Headhunting CDMX",software,Tijuana,,,30,true
PROSP-0468,"SaaS Premium",financiero,Puebla,,,30,true
PROSP-0469,"Consultoría Fiscal del Centro",software,Toluca,,,30,true
PROSP-0470,"Compliance Puebla",software,Querétaro,,,30,true
PROSP-0471,"Despacho de Contaduría Services",software,Toluca,,,30,true
PROSP-0472,"Inversiones Asociados",financiero,León,,,30,true
PROSP-0473,"Despacho Fiscal Solutions",software,Mérida,,,30,true
PROSP-0474,"Soluciones Empresariales Cancún",software,Mérida,,,30,true
PROSP-0475,"Facturación Express Mérida",software,Querétaro,,,30,true
PROSP-0476,"Tecnología Aplicada",financiero,Puebla,,,30,true
PROSP-0477,"Inversiones del Bajío",fintech,Hermosillo,,,30,true
PROSP-0478,"Facturación Ágil San Luis Potosí",software,Chihuahua,,,30,true
PROSP-0479,"Timbre Fiscal Asociados",software,Querétaro,,,30,true
PROSP-0480,"Planeación Financiera Premium",software,Guanajuato,,,30,true
PROSP-0481,"Firma Contable Pro",financiero,Querétaro,,,30,true
PROSP-0482,"Servicios Financieros del Pacífico",fintech,Saltillo,,,30,true
PROSP-0483,"Innovación y Cía",software,San Luis Potosí,,,30,true
PROSP-0484,"Soluciones CFDI y Socios",software,Cancún,,,30,true
PROSP-0485,"Auditores",financiero,Querétaro,,,30,true
PROSP-0486,"Digital del Centro",fintech,Querétaro,,,30,true
PROSP-0487,"Despacho Fiscal Corporativo",fintech,Saltillo,,,30,true
PROSP-0488,"Servicios de Oficina CDMX",financiero,León,,,30,true
PROSP-0489,"Soluciones Contables Integral",financiero,Querétaro,,,30,true
PROSP-0490,"Facturación Digital del Norte",financiero,León,,,30,true
PROSP-0491,"Despacho Fiscal del Centro",software,Durango,,,30,true
PROSP-0492,"Automatización de Procesos Plus",financiero,Cancún,,,30,true
PROSP-0493,"Grupo Contable Consulting",software,Tuxtla Gutiérrez,,,30,true
PROSP-0494,"Facturación Express Profesional",software,Puebla,,,30,true
PROSP-0495,"Facturación Ágil Plus",software,San Luis Potosí,,,30,true
PROSP-0496,"Planeación del Bajío",fintech,Puebla,,,30,true
PROSP-0497,"Servicios Fiscales Contables del Centro",software,Tijuana,,,30,true
PROSP-0498,"Envíos",software,Hermosillo,,,30,true
PROSP-0499,"Gestión Contable Guadalajara",software,Saltillo,,,30,true
PROSP-0500,"Reclutamiento CDMX",software,Veracruz,,,30,true
PROSP-0501,"Automatización SC",software,Puebla,,,30,true
PROSP-0502,"Servicios Fiscales Contables S de RL",fintech,Cancún,,,30,true
PROSP-0503,"Digital Saltillo",financiero,San Luis Potosí,,,30,true
PROSP-0504,"Facturación en Línea Hermanos",consultoria,CDMX,,,25,true
PROSP-0505,"Asesoría Monterrey",consultoria,CDMX,,,25,true
PROSP-0506,"Soluciones Empresariales Guadalajara",facturacion,CDMX,,,25,true
PROSP-0507,"Inteligencia SC",facturacion,CDMX,,,25,true
PROSP-0508,"Contaduría y Asociados",facturacion,CDMX,,,25,true
PROSP-0509,"Gestión Financiera Mérida",cobranza,CDMX,,,25,true
PROSP-0510,"Consultoría Fiscal SC",automatizacion,CDMX,,,25,true
PROSP-0511,"Servicios de Facturación SC",auditoria,CDMX,,,25,true
PROSP-0512,"Gestión Contable",consultoria,CDMX,,,25,true
PROSP-0513,"Desarrollo del Norte",facturacion,CDMX,,,25,true
PROSP-0514,"Servicios de Contabilidad y Asociados",consultoria,CDMX,,,25,true
PROSP-0515,"Servicios de Contabilidad Monterrey",consultoria,CDMX,,,25,true
PROSP-0516,"Plataforma de Facturación y Cía",cobranza,CDMX,,,25,true
PROSP-0517,"Facturación Integral",logistica,CDMX,,,25,true
PROSP-0518,"Facturación Inteligente Plus",facturacion,CDMX,,,25,true
PROSP-0519,"Asesoría",facturacion,CDMX,,,25,true
PROSP-0520,"Facturación Automatizada CDMX",facturacion,CDMX,,,25,true
PROSP-0521,"Despacho Contable y Cía",automatizacion,CDMX,,,25,true
PROSP-0522,"Despacho Fiscal",facturacion,CDMX,,,25,true
PROSP-0523,"Planeación",cobranza,CDMX,,,25,true
PROSP-0524,"Asesoría de Negocios Mérida",facturacion,CDMX,,,25,true
PROSP-0525,"Consultoría Financiera CDMX",automatizacion,CDMX,,,25,true
PROSP-0526,"Facturación Automatizada y Asociados",facturacion,CDMX,,,25,true
PROSP-0527,"Facturación Inteligente",consultoria,CDMX,,,25,true
PROSP-0528,"Consultoría de Negocios Empresarial",facturacion,CDMX,,,25,true
PROSP-0529,"Plataforma Digital del Pacífico",facturacion,CDMX,,,25,true
PROSP-0530,"RPA",facturacion,CDMX,,,25,true
PROSP-0531,"Servicios de Contabilidad Guadalajara",facturacion,CDMX,,,25,true
PROSP-0532,"Reclutamiento del Norte",auditoria,CDMX,,,25,true
PROSP-0533,"Gestión Financiera Saltillo",consultoria,CDMX,,,25,true
PROSP-0534,"Recuperación SA de CV",auditoria,CDMX,,,25,true
PROSP-0535,"Gestión Financiera CDMX",facturacion,CDMX,,,25,true
PROSP-0536,"Facturación Total",automatizacion,CDMX,,,25,true
PROSP-0537,"Facturación en la Nube Monterrey",facturacion,CDMX,,,25,true
PROSP-0538,"Servicios Contables del Centro",facturacion,CDMX,,,25,true
PROSP-0539,"Firma Consultora Mérida",consultoria,CDMX,,,25,true
PROSP-0540,"Facturación Total Querétaro",consultoria,CDMX,,,25,true
PROSP-0541,"Automa Chihuahua",facturacion,CDMX,,,25,true
PROSP-0542,"Consultoría MX",administracion,CDMX,,,25,true
PROSP-0543,"Finanzas",consultoria,CDMX,,,25,true
PROSP-0544,"Contadores Públicos Services",facturacion,CDMX,,,25,true
PROSP-0545,"Tech Master",rrhh,CDMX,,,25,true
PROSP-0546,"eFactura San Luis Potosí",consultoria,CDMX,,,25,true
PROSP-0547,"Despacho de Auditoría Contable Guadalajara",administracion,CDMX,,,25,true
PROSP-0548,"Facturación Inteligente Monterrey",consultoria,CDMX,,,25,true
PROSP-0549,"Asesoría Financiera y Socios",consultoria,CDMX,,,25,true
PROSP-0550,"Contadores Certificados Guadalajara",facturacion,CDMX,,,25,true
PROSP-0551,"Billetera Digital MX",facturacion,CDMX,,,25,true
PROSP-0552,"Inversiones",consultoria,CDMX,,,25,true
PROSP-0553,"Reclutamiento del Golfo",consultoria,CDMX,,,25,true
PROSP-0554,"Asesoría Fiscal Integral Master",facturacion,CDMX,,,25,true
PROSP-0555,"Data Saltillo",facturacion,CDMX,,,25,true
PROSP-0556,"Facturación Móvil Plus",logistica,CDMX,,,25,true
PROSP-0557,"Desarrollo Organizacional Express",facturacion,CDMX,,,25,true
PROSP-0558,"Capital S de RL",facturacion,CDMX,,,25,true
PROSP-0559,"Tech Solutions Premium",facturacion,CDMX,,,25,true
PROSP-0560,"Asesores Contables SA de CV",auditoria,CDMX,,,25,true
PROSP-0561,"Servicios de Contabilidad Toluca",consultoria,CDMX,,,25,true
PROSP-0562,"Contabilidad Integral Asociados",facturacion,CDMX,,,25,true
PROSP-0563,"Servicios de Contabilidad del Pacífico",logistica,CDMX,,,25,true
PROSP-0564,"Facturación Express Morelia",consultoria,CDMX,,,25,true
PROSP-0565,"Finanzas Consulting",administracion,CDMX,,,25,true
PROSP-0566,"Advisory Corporativo",facturacion,CDMX,,,25,true
PROSP-0567,"Contadores Certificados",facturacion,CDMX,,,25,true
PROSP-0568,"Asesoría Contable Total",facturacion,CDMX,,,25,true
PROSP-0569,"Bufete Contable Guadalajara",administracion,CDMX,,,25,true
PROSP-0570,"Inteligencia CDMX",facturacion,CDMX,,,25,true
PROSP-0571,"Fintech Guadalajara",administracion,CDMX,,,25,true
PROSP-0572,"Software MX",consultoria,CDMX,,,25,true
PROSP-0573,"Contadores Certificados del Centro",facturacion,CDMX,,,25,true
PROSP-0574,"Gestión de Cobranza Mérida",cobranza,CDMX,,,25,true
PROSP-0575,"Cobro Digital Corporativo",logistica,CDMX,,,25,true
PROSP-0576,"IT Solutions León",consultoria,CDMX,,,25,true
PROSP-0577,"Code y Asociados",consultoria,CDMX,,,25,true
PROSP-0578,"Data León",auditoria,CDMX,,,25,true
PROSP-0579,"Headhunting del Golfo",administracion,CDMX,,,25,true
PROSP-0580,"Auditoría Externa Hermanos",consultoria,CDMX,,,25,true
PROSP-0581,"Sistema de Facturación",consultoria,CDMX,,,25,true
PROSP-0582,"Software Factory Puebla",facturacion,CDMX,,,25,true
PROSP-0583,"Soluciones CFDI del Pacífico",facturacion,CDMX,,,25,true
PROSP-0584,"Facturación en Línea Consulting",consultoria,CDMX,,,25,true
PROSP-0585,"Plataforma Digital Consulting",cobranza,CDMX,,,25,true
PROSP-0586,"Asesores Contables del Centro",facturacion,CDMX,,,25,true
PROSP-0587,"Soluciones Contables",facturacion,CDMX,,,25,true
PROSP-0588,"Asesores Contables Cancún",facturacion,CDMX,,,25,true
PROSP-0589,"Automatización de Procesos y Cía",facturacion,CDMX,,,25,true
PROSP-0590,"Process Automation CDMX",cobranza,CDMX,,,25,true
PROSP-0591,"Automatización Industrial del Norte",automatizacion,CDMX,,,25,true
PROSP-0592,"Asesoría de Negocios Culiacán",administracion,CDMX,,,25,true
PROSP-0593,"Software Cancún",facturacion,CDMX,,,25,true
PROSP-0594,"Innovación Digital Premium",consultoria,CDMX,,,25,true
PROSP-0595,"Asesoría Contable CDMX",consultoria,CDMX,,,25,true
PROSP-0596,"Factura Fácil del Bajío",facturacion,CDMX,,,25,true
PROSP-0597,"Asesoría Contable del Bajío",consultoria,CDMX,,,25,true
PROSP-0598,"Grupo Consultor CDMX",facturacion,CDMX,,,25,true
PROSP-0599,"Finanzas Mérida",consultoria,CDMX,,,25,true
PROSP-0600,"Asesoría de Negocios Plus",cobranza,CDMX,,,25,true
PROSP-0601,"Facturación Ágil Guadalajara",consultoria,CDMX,,,25,true
PROSP-0602,"Cobro Digital Empresarial",consultoria,CDMX,,,25,true
PROSP-0603,"Robotics Guadalajara",cobranza,CDMX,,,25,true
PROSP-0604,"Asesoría de Negocios CDMX",rrhh,CDMX,,,25,true
PROSP-0605,"Cobro Digital SC",facturacion,CDMX,,,25,true
PROSP-0606,"Recursos Humanos S de RL",consultoria,CDMX,,,25,true
PROSP-0607,"Asesoría Financiera Contable Plus",facturacion,CDMX,,,25,true
PROSP-0608,"Facturación Integral y Socios",auditoria,CDMX,,,25,true
PROSP-0609,"Plataforma de Facturación Pro",administracion,CDMX,,,25,true
PROSP-0610,"eFactura León",facturacion,CDMX,,,25,true
PROSP-0611,"Automatización Puebla",facturacion,CDMX,,,25,true
PROSP-0612,"Contadores Públicos SC",facturacion,CDMX,,,25,true
PROSP-0613,"Facturación Automatizada Master",facturacion,CDMX,,,25,true
PROSP-0614,"Dev CDMX",auditoria,CDMX,,,25,true
PROSP-0615,"Facturación en Línea Master",consultoria,CDMX,,,25,true
PROSP-0616,"Tech Solutions y Socios",consultoria,CDMX,,,25,true
PROSP-0617,"Soluciones de Pago Master",facturacion,CDMX,,,25,true
PROSP-0618,"Servicios Administrativos Cancún",facturacion,CDMX,,,25,true
PROSP-0619,"Transformación Pro",facturacion,CDMX,,,25,true
PROSP-0620,"Servicios de Facturación Pro",facturacion,CDMX,,,25,true
PROSP-0621,"Asesoría de Negocios San Luis Potosí",facturacion,CDMX,,,25,true
PROSP-0622,"Recaudación",facturacion,CDMX,,,25,true
PROSP-0623,"Consultoría Financiera Aguascalientes",automatizacion,CDMX,,,25,true
PROSP-0624,"Software San Luis Potosí",consultoria,Monterrey,,,20,true
PROSP-0625,"Recursos Humanos del Golfo",facturacion,Monterrey,,,20,true
PROSP-0626,"Tech CDMX",consultoria,Monterrey,,,20,true
PROSP-0627,"Contabilidad Integral",consultoria,Guadalajara,,,20,true
PROSP-0628,"Asesoría de Negocios Hermosillo",administracion,Guadalajara,,,20,true
PROSP-0629,"Sistema de Facturación Puebla",facturacion,Monterrey,,,20,true
PROSP-0630,"Auditoría Contable del Pacífico",facturacion,Guadalajara,,,20,true
PROSP-0631,"Data",auditoria,Monterrey,,,20,true
PROSP-0632,"Asesores Contables San Luis Potosí",consultoria,Guadalajara,,,20,true
PROSP-0633,"Consultoría Integral Guadalajara",facturacion,Monterrey,,,20,true
PROSP-0634,"Última Milla Master",facturacion,Monterrey,,,20,true
PROSP-0635,"Cobranza Judicial Pro",administracion,Monterrey,,,20,true
PROSP-0636,"Servicios Contables",facturacion,Guadalajara,,,20,true
PROSP-0637,"Asesoría Financiera Contable CDMX",cobranza,Guadalajara,,,20,true
PROSP-0638,"Consultoría Integral",administracion,Monterrey,,,20,true
PROSP-0639,"Asesoría Financiera y Cía",facturacion,Monterrey,,,20,true
PROSP-0640,"Contadores Certificados Empresarial",logistica,Guadalajara,,,20,true
PROSP-0641,"Auditoría Contable Services",facturacion,Monterrey,,,20,true
PROSP-0642,"Comprobantes Digitales Monterrey",consultoria,Guadalajara,,,20,true
PROSP-0643,"Automatización de Procesos del Golfo",automatizacion,Guadalajara,,,20,true
PROSP-0644,"Plataforma de Facturación Torreón",consultoria,Guadalajara,,,20,true
PROSP-0645,"Consultores del Bajío",consultoria,Monterrey,,,20,true
PROSP-0646,"Consultoría Financiera Master",logistica,Guadalajara,,,20,true
PROSP-0647,"Asesoría Financiera Contable Veracruz",consultoria,Guadalajara,,,20,true
PROSP-0648,"Soluciones Financieras",facturacion,Guadalajara,,,20,true
PROSP-0649,"Firma Consultora",consultoria,Monterrey,,,20,true
PROSP-0650,"Soluciones Contables Monterrey",auditoria,Guadalajara,,,20,true
PROSP-0651,"Tech",facturacion,Monterrey,,,20,true
PROSP-0652,"Grupo Consultor",consultoria,Guadalajara,,,20,true
PROSP-0653,"Digital CDMX",consultoria,Monterrey,,,20,true
PROSP-0654,"Facturación Integral CDMX",facturacion,Monterrey,,,20,true
PROSP-0655,"Desarrollo Corporativo",consultoria,Guadalajara,,,20,true
PROSP-0656,"Servicios de Oficina",facturacion,Monterrey,,,20,true
PROSP-0657,"Tech Solutions MX",facturacion,Guadalajara,,,20,true
PROSP-0658,"Inteligencia y Cía",administracion,Monterrey,,,20,true
PROSP-0659,"Consultoría Tributaria CDMX",facturacion,Guadalajara,,,20,true
PROSP-0660,"Facturación Automatizada SA de CV",consultoria,Monterrey,,,20,true
PROSP-0661,"Consultoría Financiera",facturacion,Guadalajara,,,20,true
PROSP-0662,"Planeación Financiera San Luis Potosí",facturacion,Monterrey,,,20,true
PROSP-0663,"Asesoría Financiera Contable Monterrey",facturacion,Monterrey,,,20,true
PROSP-0664,"Consultoría Fiscal Integral",facturacion,Monterrey,,,20,true
PROSP-0665,"Plataforma de Facturación Monterrey",consultoria,Monterrey,,,20,true
PROSP-0666,"SaaS y Asociados",rrhh,Guadalajara,,,20,true
PROSP-0667,"Tecnología Aplicada CDMX",rrhh,Monterrey,,,20,true
PROSP-0668,"Tech Solutions Puebla",consultoria,Guadalajara,,,20,true
PROSP-0669,"Consultoría Empresarial y Asociados",consultoria,Guadalajara,,,20,true
PROSP-0670,"Tecnología CDMX",facturacion,Monterrey,,,20,true
PROSP-0671,"Facturación Ágil CDMX",facturacion,Guadalajara,,,20,true
PROSP-0672,"Asesoría Services",automatizacion,Guadalajara,,,20,true
PROSP-0673,"Contabilidad Integral Pro",facturacion,Monterrey,,,20,true
PROSP-0674,"Servicios de Contabilidad Puebla",facturacion,Monterrey,,,20,true
PROSP-0675,"Facturación Total del Bajío",facturacion,Guadalajara,,,20,true
PROSP-0676,"Gestión Contable del Pacífico",consultoria,Guadalajara,,,20,true
PROSP-0677,"Software Development",consultoria,Monterrey,,,20,true
PROSP-0678,"Dev Express",cobranza,Monterrey,,,20,true
PROSP-0679,"Consultoría Integral del Bajío",consultoria,Guadalajara,,,20,true
PROSP-0680,"Facturación Automatizada Monterrey",consultoria,Guadalajara,,,20,true
PROSP-0681,"Soluciones de Pago MX",consultoria,Guadalajara,,,20,true
PROSP-0682,"Grupo Contable CDMX",facturacion,Monterrey,,,20,true
PROSP-0683,"Robotics y Socios",consultoria,Guadalajara,,,20,true
PROSP-0684,"Workflow Mérida",facturacion,Guadalajara,,,20,true
PROSP-0685,"Facturación en la Nube CDMX",facturacion,Guadalajara,,,20,true
PROSP-0686,"Cloud y Asociados",consultoria,Monterrey,,,20,true
PROSP-0687,"Bufete Contable del Bajío",facturacion,Monterrey,,,20,true
PROSP-0688,"Servicios de Contabilidad Cancún",consultoria,Guadalajara,,,20,true
PROSP-0689,"Digital Master",consultoria,Guadalajara,,,20,true
PROSP-0690,"Recaudación Guadalajara",cobranza,Guadalajara,,,20,true
PROSP-0691,"Apps Express",facturacion,Guadalajara,,,20,true
PROSP-0692,"Gestoría Fiscal Services",consultoria,Monterrey,,,20,true
PROSP-0693,"Despacho Contable del Bajío",cobranza,Monterrey,,,20,true
PROSP-0694,"Software Factory",rrhh,Monterrey,,,20,true
PROSP-0695,"Facturación Integral Mérida",consultoria,Monterrey,,,20,true
PROSP-0696,"Smart Automation y Socios",facturacion,Monterrey,,,20,true
PROSP-0697,"Advisory Express",facturacion,Monterrey,,,20,true
PROSP-0698,"Facturación Express del Bajío",auditoria,Guadalajara,,,20,true
PROSP-0699,"Plataforma de Pagos y Asociados",consultoria,Guadalajara,,,20,true
PROSP-0700,"Servicios Financieros Asociados",rrhh,Guadalajara,,,20,true
PROSP-0701,"Gestión Administrativa",facturacion,Guadalajara,,,20,true
PROSP-0702,"Transporte y Cía",automatizacion,Monterrey,,,20,true
PROSP-0703,"Despacho de Auditoría Contable Group",auditoria,Guadalajara,,,20,true
PROSP-0704,"Plataforma de Facturación Total",consultoria,Monterrey,,,20,true
PROSP-0705,"Software Querétaro",consultoria,Monterrey,,,20,true
PROSP-0706,"Business Consulting Guadalajara",facturacion,Monterrey,,,20,true
PROSP-0707,"Compliance y Socios",facturacion,Monterrey,,,20,true
PROSP-0708,"Facturación Inteligente Consulting",consultoria,Monterrey,,,20,true
PROSP-0709,"Desarrollo Organizacional Monterrey",facturacion,Guadalajara,,,20,true
PROSP-0710,"Facturación en la Nube del Pacífico",facturacion,Guadalajara,,,20,true
PROSP-0711,"IT Solutions Plus",facturacion,Monterrey,,,20,true
PROSP-0712,"Back Office San Luis Potosí",logistica,Monterrey,,,20,true
PROSP-0713,"Consultores Fiscales y Asociados",facturacion,Guadalajara,,,20,true
PROSP-0714,"Data Mérida",facturacion,Guadalajara,,,20,true
PROSP-0715,"Despacho de Contaduría Solutions",automatizacion,Guadalajara,,,20,true
PROSP-0716,"Servicios Fiscales Contables Premium",facturacion,Guadalajara,,,20,true
PROSP-0717,"Consultoría Empresarial Oaxaca",facturacion,Guadalajara,,,20,true
PROSP-0718,"Consultoría Empresarial Pro",facturacion,Monterrey,,,20,true
PROSP-0719,"Plataforma de Pagos",facturacion,Guadalajara,,,20,true
PROSP-0720,"Despacho Fiscal Tijuana",facturacion,Guadalajara,,,20,true
PROSP-0721,"Consultoría Integral Asociados",consultoria,Guadalajara,,,20,true
PROSP-0722,"Advisory Puebla",facturacion,Guadalajara,,,20,true
PROSP-0723,"Innovación CDMX",auditoria,Monterrey,,,20,true
PROSP-0724,"Asesoría Fiscal Integral CDMX",consultoria,Monterrey,,,20,true
PROSP-0725,"Cobranza Especializada",facturacion,Guadalajara,,,20,true
PROSP-0726,"Gestión Contable del Centro",consultoria,Monterrey,,,20,true
PROSP-0727,"Asesoría Contable SA de CV",facturacion,Monterrey,,,20,true
PROSP-0728,"Facturación en Línea Toluca",consultoria,Monterrey,,,20,true
PROSP-0729,"Facturación Móvil Tijuana",facturacion,Guadalajara,,,20,true
PROSP-0730,"Soluciones CFDI CDMX",automatizacion,Monterrey,,,20,true
PROSP-0731,"Despacho Contable Express",administracion,Monterrey,,,20,true
PROSP-0732,"Plataforma de Pagos Toluca",logistica,Guadalajara,,,20,true
PROSP-0733,"Facturación Automatizada del Pacífico",consultoria,Guadalajara,,,20,true
PROSP-0734,"Logística Querétaro",facturacion,Monterrey,,,20,true
PROSP-0735,"Auditoría CDMX",consultoria,Monterrey,,,20,true
PROSP-0736,"Servicios de Contabilidad Guanajuato",consultoria,Guadalajara,,,20,true
PROSP-0737,"Asesoría Contable Empresarial",facturacion,Guadalajara,,,20,true
PROSP-0738,"Innovación del Centro",facturacion,Monterrey,,,20,true
PROSP-0739,"Business Consulting Total",facturacion,Guadalajara,,,20,true
PROSP-0740,"Inversiones CDMX",consultoria,Monterrey,,,20,true
PROSP-0741,"Asesoría Fiscal Integral",cobranza,Puebla,,,0,true
PROSP-0742,"CFDI Tijuana",facturacion,Tuxtla Gutiérrez,,,0,true
PROSP-0743,"Tecnología Solutions",facturacion,Querétaro,,,0,true
PROSP-0744,"Automatización de Procesos Saltillo",facturacion,Guanajuato,,,0,true
PROSP-0745,"Process Automation Guadalajara",facturacion,Querétaro,,,0,true
PROSP-0746,"Asesoría SC",consultoria,Morelia,,,0,true
PROSP-0747,"Cobro Digital",logistica,Cancún,,,0,true
PROSP-0748,"Despacho de Auditoría Contable Premium",cobranza,Villahermosa,,,0,true
PROSP-0749,"Gestión de Personal del Bajío",consultoria,Puebla,,,0,true
PROSP-0750,"Reclutamiento Services",consultoria,Querétaro,,,0,true
PROSP-0751,"Facturación Digital Toluca",logistica,Cancún,,,0,true
PROSP-0752,"Plataforma Digital",facturacion,León,,,0,true
PROSP-0753,"Facturación Electrónica del Golfo",facturacion,Durango,,,0,true
PROSP-0754,"Soluciones de Pago Puebla",consultoria,León,,,0,true
PROSP-0755,"Innovación",automatizacion,Aguascalientes,,,0,true
PROSP-0756,"Facturación Inteligente Asociados",consultoria,Villahermosa,,,0,true
PROSP-0757,"Auditoría Contable",rrhh,Chihuahua,,,0,true
PROSP-0758,"Asesoría Financiera Contable",facturacion,Saltillo,,,0,true
PROSP-0759,"Cobro Digital Services",facturacion,Aguascalientes,,,0,true
PROSP-0760,"Tech Solutions SA de CV",facturacion,Veracruz,,,0,true
PROSP-0761,"Gestión Contable MX",auditoria,Cancún,,,0,true
PROSP-0762,"Contabilidad Integral CDMX",consultoria,Querétaro,,,0,true
PROSP-0763,"Servicios Fiscales Contables",consultoria,Culiacán,,,0,true
PROSP-0764,"Servicios Fiscales Contables del Golfo",facturacion,Saltillo,,,0,true
PROSP-0765,"Pagos Digitales",facturacion,Mérida,,,0,true
PROSP-0766,"Soluciones CFDI Veracruz",facturacion,Puebla,,,0,true
PROSP-0767,"Firma Consultora Plus",cobranza,Cancún,,,0,true
PROSP-0768,"RH Monterrey",facturacion,Puebla,,,0,true
PROSP-0769,"SaaS CDMX",facturacion,León,,,0,true
PROSP-0770,"Consultoría Villahermosa",facturacion,Puebla,,,0,true
PROSP-0771,"Contadores Públicos",automatizacion,Hermosillo,,,0,true
PROSP-0772,"Sistemas y Asociados",auditoria,Guanajuato,,,0,true
PROSP-0773,"Facturación Ágil Services",consultoria,Durango,,,0,true
PROSP-0774,"Facturación en Línea Total",auditoria,Toluca,,,0,true
PROSP-0775,"Facturación en Línea Empresarial",automatizacion,León,,,0,true
PROSP-0776,"Consultoría Financiera Saltillo",consultoria,Villahermosa,,,0,true
PROSP-0777,"Facturación Electrónica",consultoria,San Luis Potosí,,,0,true
PROSP-0778,"Consultoría Tributaria Asociados",facturacion,Toluca,,,0,true
PROSP-0779,"Contaduría Pro",consultoria,Culiacán,,,0,true
PROSP-0780,"Gestión del Pacífico",consultoria,León,,,0,true
PROSP-0781,"Transformación CDMX",facturacion,Hermosillo,,,0,true
PROSP-0782,"Servicios de Contabilidad SC",facturacion,Tijuana,,,0,true
PROSP-0783,"IT Solutions Total",automatizacion,Chihuahua,,,0,true
PROSP-0784,"Administración Veracruz",automatizacion,Puebla,,,0,true
PROSP-0785,"Lending Hermosillo",facturacion,Querétaro,,,0,true
PROSP-0786,"Consultoría de Negocios Hermosillo",rrhh,Querétaro,,,0,true
PROSP-0787,"Contadores Certificados Tuxtla Gutiérrez",automatizacion,Tuxtla Gutiérrez,,,0,true
PROSP-0788,"Servicios de Oficina Monterrey",facturacion,Toluca,,,0,true
PROSP-0789,"Consultoría Tributaria Guanajuato",facturacion,Tijuana,,,0,true
PROSP-0790,"Innovación Solutions",automatizacion,Querétaro,,,0,true
PROSP-0791,"Envíos del Golfo",facturacion,Puebla,,,0,true
PROSP-0792,"Cobro Aguascalientes",consultoria,Puebla,,,0,true
PROSP-0793,"Workflow",facturacion,San Luis Potosí,,,0,true
PROSP-0794,"Auditoría Interna Tuxtla Gutiérrez",facturacion,Hermosillo,,,0,true
PROSP-0795,"Consultoría Tributaria",rrhh,Puebla,,,0,true
PROSP-0796,"Despacho de Contaduría Consulting",facturacion,San Luis Potosí,,,0,true
PROSP-0797,"Plataforma de Facturación",administracion,Querétaro,,,0,true
PROSP-0798,"Servicios de Facturación",administracion,Torreón,,,0,true
PROSP-0799,"Plataforma de Pagos Hermanos",cobranza,Toluca,,,0,true
PROSP-0800,"Code Hermanos",rrhh,León,,,0,true
PROSP-0801,"Contabilidad Integral y Asociados",facturacion,Mérida,,,0,true
PROSP-0802,"Consultoría Consulting",consultoria,Villahermosa,,,0,true
PROSP-0803,"Cobranza Extrajudicial Guanajuato",auditoria,Querétaro,,,0,true
PROSP-0804,"Facturación Digital del Centro",facturacion,Querétaro,,,0,true
PROSP-0805,"Patrimonial Premium",consultoria,Morelia,,,0,true
PROSP-0806,"Soluciones Financieras Morelia",consultoria,San Luis Potosí,,,0,true
PROSP-0807,"Asesores Contables Mérida",consultoria,Guanajuato,,,0,true
PROSP-0808,"Inversiones del Golfo",logistica,Toluca,,,0,true
PROSP-0809,"Bufete Contable Monterrey",consultoria,Puebla,,,0,true
PROSP-0810,"Billetera Digital SC",facturacion,Oaxaca,,,0,true
PROSP-0811,"Soluciones Empresariales Group",facturacion,Querétaro,,,0,true
PROSP-0812,"Consultoría Empresarial CDMX",facturacion,Mérida,,,0,true
PROSP-0813,"Tech Total",consultoria,Hermosillo,,,0,true
PROSP-0814,"Headhunting",facturacion,León,,,0,true
PROSP-0815,"Auditoría",facturacion,Mérida,,,0,true
PROSP-0816,"Gestoría Fiscal y Cía",facturacion,León,,,0,true
PROSP-0817,"Facturación en Línea Querétaro",facturacion,Toluca,,,0,true
PROSP-0818,"Gestión Financiera Master",consultoria,Chihuahua,,,0,true
PROSP-0819,"Sistemas Group",consultoria,Guanajuato,,,0,true
PROSP-0820,"Despacho Contable CDMX",consultoria,Guanajuato,,,0,true
PROSP-0821,"Asesoría de Negocios",cobranza,Veracruz,,,0,true
PROSP-0822,"Despacho Fiscal Veracruz",cobranza,Oaxaca,,,0,true
PROSP-0823,"Digital",facturacion,Mérida,,,0,true
PROSP-0824,"Asesoría Financiera Contable Express",consultoria,Mérida,,,0,true
PROSP-0825,"Cobro Querétaro",automatizacion,Toluca,,,0,true
PROSP-0826,"Gestión Tijuana",facturacion,Cancún,,,0,true
PROSP-0827,"Consultoría de Negocios",automatizacion,Culiacán,,,0,true
PROSP-0828,"Estrategia del Centro",administracion,Aguascalientes,,,0,true
PROSP-0829,"Consultoría Financiera SA de CV",facturacion,León,,,0,true
PROSP-0830,"eFactura y Asociados",facturacion,Cancún,,,0,true
PROSP-0831,"Soluciones Contables Corporativo",facturacion,Toluca,,,0,true
PROSP-0832,"Timbre Fiscal",administracion,Puebla,,,0,true
PROSP-0833,"Software CDMX",facturacion,Querétaro,,,0,true
PROSP-0834,"Asesores Contables",consultoria,Morelia,,,0,true
PROSP-0835,"Plataforma de Facturación Corporativo",consultoria,Mérida,,,0,true
PROSP-0836,"Asesoría Contable Tijuana",facturacion,San Luis Potosí,,,0,true
PROSP-0837,"Plataforma Digital Monterrey",facturacion,Mérida,,,0,true
PROSP-0838,"Servicios de Contabilidad Group",facturacion,Cancún,,,0,true
PROSP-0839,"Smart Automation Master",automatizacion,Oaxaca,,,0,true
PROSP-0840,"Facturación Ágil Express",facturacion,Saltillo,,,0,true
PROSP-0841,"Despacho de Auditoría Contable CDMX",consultoria,Saltillo,,,0,true
PROSP-0842,"Despacho de Auditoría Contable",cobranza,Tijuana,,,0,true
PROSP-0843,"Reclutamiento Consulting",administracion,Toluca,,,0,true
PROSP-0844,"Contadores Públicos MX",consultoria,Aguascalientes,,,0,true
PROSP-0845,"Asesores Contables y Asociados",logistica,Toluca,,,0,true
PROSP-0846,"Pagos Digitales Consulting",consultoria,Aguascalientes,,,0,true
PROSP-0847,"Auditoría Externa del Bajío",consultoria,Chihuahua,,,0,true
PROSP-0848,"Grupo Consultor Guadalajara",facturacion,Aguascalientes,,,0,true
PROSP-0849,"Digital Profesional",consultoria,Querétaro,,,0,true
PROSP-0850,"Servicios de Facturación Puebla",facturacion,Hermosillo,,,0,true
PROSP-0851,"Contabilidad Integral Guadalajara",facturacion,Aguascalientes,,,0,true
PROSP-0852,"Insurtech",consultoria,Villahermosa,,,0,true
PROSP-0853,"Factura Fácil Guadalajara",facturacion,Hermosillo,,,0,true
PROSP-0854,"SaaS Asociados",facturacion,Puebla,,,0,true
PROSP-0855,"Facturación Móvil CDMX",facturacion,Guanajuato,,,0,true
PROSP-0856,"Sistema de Facturación Asociados",facturacion,Puebla,,,0,true
PROSP-0857,"Patrimonial",auditoria,Puebla,,,0,true
PROSP-0858,"Patrimonial Saltillo",consultoria,Querétaro,,,0,true
PROSP-0859,"Business Consulting Tuxtla Gutiérrez",facturacion,Chihuahua,,,0,true
PROSP-0860,"Firma Contable y Asociados",facturacion,Durango,,,0,true
PROSP-0861,"RPA CDMX",facturacion,Querétaro,,,0,true
PROSP-0862,"Code Aguascalientes",consultoria,Chihuahua,,,0,true
PROSP-0863,"Consultoría Integral Hermanos",consultoria,Hermosillo,,,0,true
PROSP-0864,"Auditores CDMX",facturacion,Cancún,,,0,true
PROSP-0865,"Facturación en la Nube Aguascalientes",rrhh,Puebla,,,0,true
PROSP-0866,"Despacho de Auditoría Contable Integral",auditoria,Durango,,,0,true
PROSP-0867,"Gestión Contable Puebla",consultoria,León,,,0,true
PROSP-0868,"Optimización CDMX",consultoria,Saltillo,,,0,true
PROSP-0869,"Despacho de Auditoría Contable Hermosillo",consultoria,Toluca,,,0,true
PROSP-0870,"Facturación Inteligente CDMX",facturacion,Puebla,,,0,true
PROSP-0871,"Sistema de Facturación del Pacífico",administracion,Chihuahua,,,0,true
PROSP-0872,"Automatización del Centro",consultoria,Villahermosa,,,0,true
PROSP-0873,"Estrategia Express",facturacion,Puebla,,,0,true
PROSP-0874,"Plataforma de Facturación Puebla",facturacion,León,,,0,true
PROSP-0875,"Asesores Contables y Cía",cobranza,Puebla,,,0,true
PROSP-0876,"Bufete Contable Master",facturacion,Cancún,,,0,true
PROSP-0877,"Bufete Contable y Asociados",cobranza,Puebla,,,0,true
PROSP-0878,"Inteligencia Saltillo",facturacion,Puebla,,,0,true
PROSP-0879,"Advisory",facturacion,Guanajuato,,,0,true
PROSP-0880,"Despacho Contable San Luis Potosí",consultoria,Oaxaca,,,0,true
PROSP-0881,"Automatización Industrial Profesional",consultoria,Tijuana,,,0,true
PROSP-0882,"Despacho de Auditoría Contable SC",consultoria,Guanajuato,,,0,true
PROSP-0883,"Soluciones Empresariales Consulting",administracion,Puebla,,,0,true
PROSP-0884,"Facturación Móvil Group",facturacion,Morelia,,,0,true
PROSP-0885,"Facturación en la Nube del Centro",consultoria,Mérida,,,0,true
PROSP-0886,"Desarrollo Aguascalientes",consultoria,León,,,0,true
PROSP-0887,"Automatización Industrial",consultoria,Querétaro,,,0,true
PROSP-0888,"Recursos Humanos Hermanos",consultoria,Torreón,,,0,true
PROSP-0889,"Consultoría Financiera MX",consultoria,Puebla,,,0,true
PROSP-0890,"Fintech CDMX",rrhh,Puebla,,,0,true
PROSP-0891,"Gestión Administrativa del Pacífico",facturacion,Querétaro,,,0,true
PROSP-0892,"Consultoría Empresarial Guadalajara",consultoria,Toluca,,,0,true
PROSP-0893,"Soluciones de Pago",facturacion,Villahermosa,,,0,true
PROSP-0894,"Grupo Consultor Pro",consultoria,Saltillo,,,0,true
PROSP-0895,"Tech Corporativo",consultoria,Puebla,,,0,true
PROSP-0896,"Facturación Ágil",consultoria,Mérida,,,0,true
PROSP-0897,"Business Consulting del Norte",cobranza,Querétaro,,,0,true
PROSP-0898,"Facturación Ágil Master",facturacion,Tijuana,,,0,true
PROSP-0899,"Automatización Industrial CDMX",automatizacion,Querétaro,,,0,true
PROSP-0900,"Gestión Puebla",consultoria,Toluca,,,0,true
PROSP-0901,"Despacho Contable Toluca",logistica,Querétaro,,,0,true
PROSP-0902,"Inversiones y Asociados",facturacion,Puebla,,,0,true
PROSP-0903,"Servicios de Facturación Tuxtla Gutiérrez",consultoria,Mérida,,,0,true
PROSP-0904,"Gestoría Fiscal S de RL",rrhh,Querétaro,,,0,true
PROSP-0905,"Consultores Fiscales Puebla",facturacion,Cancún,,,0,true
PROSP-0906,"Facturación Total Puebla",facturacion,Hermosillo,,,0,true
PROSP-0907,"Contadores Públicos CDMX",facturacion,Durango,,,0,true
PROSP-0908,"Desarrollo Organizacional Querétaro",consultoria,Puebla,,,0,true
PROSP-0909,"Compliance del Norte",facturacion,Hermosillo,,,0,true
PROSP-0910,"Fulfillment Profesional",rrhh,Guanajuato,,,0,true
PROSP-0911,"Distribución",consultoria,Saltillo,,,0,true
PROSP-0912,"Firma Contable Integral",automatizacion,Cancún,,,0,true
PROSP-0913,"Gestión CDMX",facturacion,Durango,,,0,true
PROSP-0914,"Soluciones CFDI",consultoria,León,,,0,true
PROSP-0915,"Auditoría Contable Guadalajara",facturacion,Toluca,,,0,true
PROSP-0916,"Facturación Integral Services",facturacion,Mérida,,,0,true
PROSP-0917,"Digital Puebla",consultoria,Tijuana,,,0,true
PROSP-0918,"Data Guanajuato",rrhh,Puebla,,,0,true
PROSP-0919,"Facturación Total Guadalajara",rrhh,Puebla,,,0,true
PROSP-0920,"Recuperación CDMX",facturacion,Tijuana,,,0,true
PROSP-0921,"Despacho Fiscal Express",cobranza,San Luis Potosí,,,0,true
PROSP-0922,"Facturación Integral Querétaro",facturacion,Chihuahua,,,0,true
PROSP-0923,"Almacenaje",cobranza,Saltillo,,,0,true
PROSP-0924,"Software Factory León",automatizacion,Toluca,,,0,true
PROSP-0925,"Gestión de Cobranza MX",facturacion,Saltillo,,,0,true
PROSP-0926,"Sistema de Facturación Querétaro",automatizacion,León,,,0,true
PROSP-0927,"Envíos Toluca",auditoria,Querétaro,,,0,true
PROSP-0928,"Gestión Financiera y Asociados",auditoria,Cancún,,,0,true
PROSP-0929,"Timbre Fiscal y Socios",logistica,Veracruz,,,0,true
PROSP-0930,"Grupo Consultor Tijuana",consultoria,Saltillo,,,0,true
PROSP-0931,"Despacho Fiscal del Norte",rrhh,Toluca,,,0,true
PROSP-0932,"Recuperación del Golfo",consultoria,Chihuahua,,,0,true
PROSP-0933,"Contabilidad Integral Express",automatizacion,Morelia,,,0,true
PROSP-0934,"Gestión Corporativo",facturacion,Puebla,,,0,true
PROSP-0935,"Automatización CDMX",administracion,Morelia,,,0,true
PROSP-0936,"Soluciones Financieras CDMX",rrhh,Puebla,,,0,true
PROSP-0937,"Sistemas Monterrey",facturacion,Querétaro,,,0,true
PROSP-0938,"Neobanco CDMX",consultoria,Chihuahua,,,0,true
PROSP-0939,"Consultoría Financiera y Cía",consultoria,Puebla,,,0,true
PROSP-0940,"Asesoría Contable Hermanos",administracion,Mérida,,,0,true
PROSP-0941,"Recuperación Tuxtla Gutiérrez",facturacion,San Luis Potosí,,,0,true
PROSP-0942,"Asesoría Financiera Contable Corporativo",consultoria,Puebla,,,0,true
PROSP-0943,"Planeación SC",consultoria,Puebla,,,0,true
PROSP-0944,"Paquetería San Luis Potosí",facturacion,Mérida,,,0,true
PROSP-0945,"Bufete Contable CDMX",consultoria,Chihuahua,,,0,true
PROSP-0946,"Consultoría Fiscal Consulting",cobranza,Mérida,,,0,true
PROSP-0947,"Soluciones CFDI Services",cobranza,Guanajuato,,,0,true
PROSP-0948,"Asesores Contables CDMX",consultoria,Guanajuato,,,0,true
PROSP-0949,"Contadores Certificados y Socios",consultoria,Puebla,,,0,true
PROSP-0950,"Timbre Fiscal SA de CV",consultoria,San Luis Potosí,,,0,true
PROSP-0951,"Despacho de Auditoría Contable Corporativo",facturacion,Mérida,,,0,true
PROSP-0952,"CFDI Profesional",consultoria,Saltillo,,,0,true
PROSP-0953,"Asesores Contables Veracruz",consultoria,Puebla,,,0,true
PROSP-0954,"Desarrollo CDMX",facturacion,Hermosillo,,,0,true
PROSP-0955,"Back Office Oaxaca",facturacion,Mérida,,,0,true
PROSP-0956,"Facturación en la Nube del Norte",logistica,Cancún,,,0,true
PROSP-0957,"Estrategia CDMX",facturacion,León,,,0,true
PROSP-0958,"Servicios de Oficina y Cía",consultoria,Hermosillo,,,0,true
PROSP-0959,"Grupo Contable Toluca",consultoria,Mérida,,,0,true
PROSP-0960,"Consultoría Tributaria Master",consultoria,Cancún,,,0,true
PROSP-0961,"Bufete Contable MX",cobranza,Veracruz,,,0,true
PROSP-0962,"Facturación Express Querétaro",facturacion,León,,,0,true
PROSP-0963,"Facturación Automatizada Morelia",consultoria,León,,,0,true
PROSP-0964,"Servicios de Facturación del Centro",consultoria,Toluca,,,0,true
PROSP-0965,"Asesoría Contable y Cía",facturacion,Toluca,,,0,true
PROSP-0966,"Data Guadalajara",facturacion,Puebla,,,0,true
PROSP-0967,"Despacho de Auditoría Contable y Socios",facturacion,León,,,0,true
PROSP-0968,"Firma Contable SA de CV",consultoria,Villahermosa,,,0,true
PROSP-0969,"Servicios Contables Services",facturacion,Toluca,,,0,true
PROSP-0970,"Consultoría Tributaria Integral",logistica,Hermosillo,,,0,true
PROSP-0971,"Contaduría del Centro",facturacion,Querétaro,,,0,true
PROSP-0972,"Facturación Ágil Empresarial",auditoria,San Luis Potosí,,,0,true
PROSP-0973,"Asesoría Fiscal Integral y Asociados",rrhh,Mérida,,,0,true
PROSP-0974,"Asesoría Querétaro",consultoria,Veracruz,,,0,true
PROSP-0975,"Insurtech del Norte",automatizacion,Morelia,,,0,true
PROSP-0976,"Asesoría Financiera Contable Empresarial",consultoria,Toluca,,,0,true
PROSP-0977,"Comprobantes Digitales y Asociados",automatizacion,Puebla,,,0,true
PROSP-0978,"Business Consulting Corporativo",consultoria,León,,,0,true
PROSP-0979,"Timbre Fiscal del Centro",consultoria,Puebla,,,0,true
PROSP-0980,"Servicios Administrativos",logistica,León,,,0,true
PROSP-0981,"Consultoría Empresarial y Socios",consultoria,Morelia,,,0,true
PROSP-0982,"Timbre Fiscal Monterrey",consultoria,Querétaro,,,0,true
PROSP-0983,"Business Consulting del Bajío",facturacion,Veracruz,,,0,true
PROSP-0984,"Despacho Fiscal Monterrey",consultoria,Querétaro,,,0,true
PROSP-0985,"Consultoría Tributaria S de RL",facturacion,San Luis Potosí,,,0,true
PROSP-0986,"Soluciones Empresariales Monterrey",facturacion,Oaxaca,,,0,true
PROSP-0987,"Consultoría de Negocios CDMX",consultoria,San Luis Potosí,,,0,true
PROSP-0988,"Consultores Fiscales SA de CV",consultoria,Guanajuato,,,0,true
PROSP-0989,"Comprobantes Digitales León",rrhh,Chihuahua,,,0,true
PROSP-0990,"Sistema de Facturación CDMX",automatizacion,Toluca,,,0,true
PROSP-0991,"Inversiones Hermosillo",consultoria,León,,,0,true
PROSP-0992,"Facturación Ágil Hermosillo",consultoria,Mérida,,,0,true
PROSP-0993,"Consultoría Tributaria del Bajío",facturacion,Chihuahua,,,0,true
PROSP-0994,"Asesoría Fiscal Integral Plus",facturacion,Cancún,,,0,true
PROSP-0995,"Despacho de Contaduría Aguascalientes",consultoria,Mérida,,,0,true
PROSP-0996,"Facturación en Línea CDMX",consultoria,Chihuahua,,,0,true
PROSP-0997,"Plataforma de Pagos del Centro",automatizacion,Veracruz,,,0,true
PROSP-0998,"Asesoría Contable Corporativo",automatizacion,San Luis Potosí,,,0,true
PROSP-0999,"Transformación SA de CV",consultoria,Querétaro,,,0,true
PROSP-1000,"Innovación Digital Solutions",automatizacion,Hermosillo,,,0,true